,address,sum,threshold
0,0.9987395968009147,0.9987395968009147,0.54
1,0.9987201060297949,0.9987201060297949,0.59
2,0.9987395968009147,0.9987395968009147,0.64
3,0.9987395968009147,0.9987395968009147,0.69
4,0.9987460937246214,0.9987460937246214,0.74
5,0.998752590648328,0.998752590648328,0.79
6,0.9987655844957413,0.9987655844957413,0.84
7,0.9987850752668611,0.9987850752668611,0.89
8,0.9987266029535015,0.9987266029535015,0.94
9,0.9975506597626024,0.9975506597626024,0.99
