,address,sum,threshold
0,0.899749373433584,0.899749373433584,0.54
1,0.9030612244897959,0.9030612244897959,0.59
2,0.9121447028423773,0.9121447028423773,0.64
3,0.920844327176781,0.920844327176781,0.69
4,0.9301075268817204,0.9301075268817204,0.74
5,0.9397260273972603,0.9397260273972603,0.79
6,0.9472222222222222,0.9472222222222222,0.84
7,0.9602272727272727,0.9602272727272727,0.89
8,0.9725609756097561,0.9725609756097561,0.94
9,0.9767441860465116,0.9767441860465116,0.99
