phone,email,sum,threshold
100.0,90.9090909090909,94.11764705882352,0.55
100.0,90.9090909090909,94.11764705882352,0.6
100.0,90.9090909090909,94.11764705882352,0.65
100.0,90.0,93.75,0.7
100.0,90.0,93.75,0.75
100.0,100.0,100.0,0.8
100.0,100.0,100.0,0.85
100.0,100.0,100.0,0.9
100.0,100.0,100.0,0.91
100.0,100.0,100.0,0.92
100.0,100.0,100.0,0.93
100.0,100.0,100.0,0.94
100.0,100.0,100.0,0.95
100.0,100.0,100.0,0.96
100.0,100.0,100.0,0.97
100.0,100.0,100.0,0.98
100.0,100.0,100.0,0.99
