,phone,sum,threshold
0,0.4272151898734177,0.4272151898734177,0.54
1,0.44481054365733114,0.44481054365733114,0.59
2,0.46471600688468157,0.46471600688468157,0.64
3,0.48727272727272725,0.48727272727272725,0.69
4,0.5056603773584906,0.5056603773584906,0.74
5,0.5370741482965932,0.5370741482965932,0.79
6,0.5668789808917197,0.5668789808917197,0.84
7,0.6120092378752887,0.6120092378752887,0.89
8,0.7032085561497327,0.7032085561497327,0.94
9,0.89453125,0.89453125,0.99
