,address,sum,threshold
0,0.6998050682261209,0.6998050682261209,0.54
1,0.6900584795321637,0.6900584795321637,0.59
2,0.6881091617933723,0.6881091617933723,0.64
3,0.6803118908382066,0.6803118908382066,0.69
4,0.6744639376218323,0.6744639376218323,0.74
5,0.6686159844054581,0.6686159844054581,0.79
6,0.666015625,0.666015625,0.84
7,0.6614481409001957,0.6614481409001957,0.89
8,0.6304347826086957,0.6304347826086957,0.94
9,0.252,0.252,0.99
